{
    "__comment": "oof",
    "criteria": {
        "craft": {
            "trigger": "minecraft:inventory_changed",
            "conditions": {
                "items": [
                    {
                        "items": ["minecraft:structure_void"],
                        "count": {
                            "min": 1,
                            "max": 1
                        }
                    }
                ]
            }
        }
    },
    "rewards": {
        "function": "death:give"
    }
}